seq-program,time
out/encaja-e1,15.325116
out/encaja-e3,2.732440

par-program,2,4,8,16,32
out/encaja-e2-pJ,6.932199,3.516649,2.054440,1.180825,0.737282
out/encaja-e2-pX,8.375996,5.597004,5.725596,8.391492,12.647312
out/encaja-e4-pJ,1.446248,0.784970,0.500449,0.335241,20.561886
out/encaja-e4-pX,4.005760,4.073028,5.654483,8.348268,14.290378
